10913,dibrey314@gmail.com,2026-10-02 14:05:09+02:00,2026-10-02 14:24:31.591664
10908,dibrey314@gmail.com,2026-10-02 11:11:27+02:00,2026-10-02 14:24:33.216364
10917,dibrey314@gmail.com,2026-10-02 19:05:56+02:00,2026-10-02 19:06:22.497699
10919,dibrey314@gmail.com,2026-10-02 21:54:37+02:00,2026-10-02 21:55:09.200263
10920,dibrey314@gmail.com,2026-10-02 21:57:15+02:00,2026-10-02 21:57:51.951348
10921,dibrey314@gmail.com,2026-10-02 22:08:30+02:00,2026-10-02 22:08:54.909460
10975,dibrey314@gmail.com,2026-10-05 14:46:15+02:00,2026-10-05 14:46:46.702483
10976,dibrey314@gmail.com,2026-10-05 14:57:04+02:00,2026-10-05 14:57:31.824968
10977,dibrey314@gmail.com,2026-10-05 15:01:58+02:00,2026-10-05 15:02:29.188899
10978,dibrey314@gmail.com,2026-10-05 15:03:17+02:00,2026-10-05 15:03:52.864206
